<?xml version="1.0" encoding="UTF-8"?>
<project-private xmlns="http://www.netbeans.org/ns/project-private/1">
    <editor-bookmarks xmlns="http://www.netbeans.org/ns/editor-bookmarks/2" lastBookmarkId="0"/>
    <open-files xmlns="http://www.netbeans.org/ns/projectui-open-files/2">
        <group>
            <file>file:/C:/project/Pariwisata/src/pariwisata/Uji.java</file>
            <file>file:/C:/project/Pariwisata/src/pariwisata/MagelangTentang.java</file>
            <file>file:/C:/project/Pariwisata/src/pariwisata/MagelangWisataDAO.java</file>
            <file>file:/C:/project/Pariwisata/src/pariwisata/Pariwisata.java</file>
            <file>file:/C:/project/Pariwisata/src/pariwisata/DatabaseConnection.java</file>
            <file>file:/C:/project/Pariwisata/src/pariwisata/MagelangTentangDAO.java</file>
            <file>file:/C:/project/Pariwisata/src/pariwisata/MagelangWisata.java</file>
            <file>file:/C:/project/Pariwisata/src/pariwisata/Main.java</file>
            <file>file:/C:/project/Pariwisata/src/pariwisata/UjiDAO.java</file>
        </group>
    </open-files>
</project-private>
